review_id,star_rating,helpful_votes,total_votes,vine,verified_purchase
R1Z71RW4J9IK93,5,20,22,Y,N
R3FVB5QI11KI9Q,4,192,200,Y,N
R2G027YBMVXV6Y,5,39,48,Y,N
R1QGBAN7BMGWRR,5,121,129,Y,N
R2YVVJ9NOPNX50,4,36,41,Y,N
R1XH1LK1FWX3OS,4,214,238,Y,N
R38LSQ71G2IZGS,5,26,29,Y,N
R2FLITQVKWXDF4,3,26,34,Y,N
R18NC69T0KEC00,5,20,23,Y,N
ROYYZ0D9LMYS3,5,25,33,Y,N
R223CE6ERRBPRZ,4,82,87,Y,N
R11K4PQS62ROLS,5,72,75,Y,N
R6AZL5SA22ITL,1,66,70,Y,N
R4J2O4EHK73PR,3,46,63,Y,N
RMBQSVTJWY2A2,5,26,28,Y,N
RXLOQIB7S4OKN,5,31,33,Y,N
RLG9MEHTAGWL6,5,57,63,Y,N
R3JU0S6J6BE14F,3,23,25,Y,N
RYVM66O597AT0,5,31,41,Y,N
R1XDZM2UIXNHQM,5,28,29,Y,N
R156K9XK26P55C,5,36,45,Y,N
RZBH0QO5YZWWU,3,352,371,Y,N
R3FXFR828A2F29,5,37,44,Y,N
R3AEFL0O5I62HK,5,24,26,Y,N
R2QUIJQTDV3IVC,5,33,35,Y,N
R3RSI1OKREZ3WC,3,67,70,Y,N
R3L41V7UQZNP5G,4,108,108,Y,N
R1JZVUULV33DV2,5,22,23,Y,N
RI2MBWO2JZSMG,5,109,117,Y,N
RRV6A31KGYDQE,5,28,30,Y,N
R345ZWHO8EALVQ,2,20,24,Y,N
R29F7HZ2V624IY,5,85,88,Y,N
R3BVBH78XRDYEZ,5,57,67,Y,N
R27FFI2NVQCECH,5,32,37,Y,N
R2MTWODMXRUGDD,5,23,26,Y,N
R29AXD0I8T6V9D,5,58,70,Y,N
R27E8XWIFP9TSM,4,37,39,Y,N
R1LRDVFJD7WVYI,5,308,321,Y,N
R1CJZ716GPY569,2,27,34,Y,N
RLFCH286Y6UW4,5,26,31,Y,N
R1Q0JCX2L8TXOL,5,64,74,Y,N
R3IDRT4H8FT9GJ,5,722,766,Y,N
R3AUACMXQAWNDZ,4,927,964,Y,N
R1NCBJGV7Q7WOT,4,46,50,Y,N
R3GZHO9MFPGUVK,5,60,65,Y,N
R2ITT3D6WY5EFI,4,31,35,Y,N
R3JJ5DKRPC60I0,5,36,44,Y,N
R22CP17J8LYT9D,3,56,63,Y,N
R2KMTBUB6PFHC,5,28,31,Y,N
R1Z27AB911YVQ7,5,76,80,Y,N
R3ETMHKM3UOSUU,5,318,337,Y,N
R33F66H0X4TE85,4,93,95,Y,N
R1WDG2JB5UGVF0,1,24,29,Y,N
RY4UTKBAST3HG,5,49,58,Y,N
R4J1SLSOJVC4B,4,45,59,Y,N
RDA9Z6WN5VVFI,5,24,29,Y,N
R1YXOEOPFUUBBZ,5,20,24,Y,N
R1TK0FMX5GHQOM,5,24,26,Y,N
R1A5FNUM1153PO,5,109,122,Y,N
R39BJ6X3O54HK5,5,40,48,Y,N
RLG2YQL6H3EBO,5,120,130,Y,N
R1155CPNY82SVZ,4,34,36,Y,N
R2HNT3HLZ6BAH9,5,22,24,Y,N
RG4M471A1YFIX,4,87,99,Y,N
R20216I69JSDKO,4,23,28,Y,N
R1V448PYEW8U6J,5,26,33,Y,Y
R8GK2NJLUB0FT,4,28,29,Y,N
RJVLAPV1HFETG,4,208,225,Y,N
RFXN3DOSYYJ67,3,213,248,Y,N
R2E09T9HXNX9Z3,5,74,82,Y,N
R1X6BFI3AA36CR,5,63,71,Y,N
RMEY7LGX99KTL,4,40,46,Y,N
R2C9AQUPNILYXT,3,137,161,Y,N
R1L5CYBUVFWSAI,5,38,41,Y,N
R2BCISZ39Z06NH,3,51,59,Y,N
R3NWMMHFF08GDC,5,157,173,Y,N
RP36I5H75IECY,4,22,22,Y,N
RMVAE9SHO48JI,3,35,35,Y,N
R4YX77YZ5QFHC,5,82,89,Y,N
RW399FLOUFLI0,3,24,29,Y,N
R2WI7H6DAZJP2H,5,44,48,Y,N
R379YDSXNGE1DT,5,29,29,Y,N
R1UMPDA6FGK5JP,4,44,47,Y,N
R37U0ZSFISCC2D,5,24,31,Y,N
RNQCLOEBBI9JC,4,48,52,Y,N
RKQ12P4I158CH,4,27,35,Y,N
RLYA7PGPIKB2Y,5,32,37,Y,N
RHDA9HX0ZR9GK,4,83,102,Y,N
R2ZOS0Y2KGLUU,4,29,32,Y,N
R3T7PYV3LCEAY5,3,38,45,Y,N
RA61NP6NZYPJ7,5,175,191,Y,N
R3CHAV7D4SE2UM,5,60,69,Y,N
R1I5483U8RMACZ,3,281,300,Y,N
R2S17MZYGOBRR5,4,24,27,Y,N
RHITGV6QENTUA,3,21,26,Y,N
R91II295YMP0Z,3,22,24,Y,N
R1E4G1SSHMLC7K,4,24,26,Y,N
R2IWOZAMYYHKV7,5,27,28,Y,N
R5HAFAKV5JJPW,5,25,26,Y,N
R21KLK16FZUH47,5,34,36,Y,N
R127MMD0VE2OVR,5,112,118,Y,N
R3OH7KGTS6EVT,5,28,32,Y,N
R3L4QRJRX2ZIZ6,5,24,27,Y,N
RSRTMA1J1N6VL,3,23,28,Y,N
R1GBJ8LB3WMCT1,4,31,33,Y,N
ROQIMK6QU8OPI,3,20,25,Y,N
R9FNL5RM5KD1Q,2,24,24,Y,N
R2F0S5S15059YF,3,55,63,Y,N
R3IE8WMIMVXW1D,4,241,259,Y,N
R2VV4FEDFC3N96,5,136,150,Y,N
R38UNRJ8O5OKUS,5,51,52,Y,N
R2EVE9H3R3URA5,4,615,642,Y,N
R33CV3X736FP4O,2,86,97,Y,N
R24XQYMMMU6UMA,3,32,36,Y,N
R2P7CUSNJEQ6MX,5,66,68,Y,N
R3AOXRAS5ZEMFK,5,20,21,Y,N
R216569BQ208UG,4,27,30,Y,N
R2AVIGAI3B3ZAY,5,20,24,Y,N
R1I47835U9Q9VF,5,59,64,Y,N
RSN1OO3YD66KV,4,59,67,Y,N
R3B34XMYTNWX9X,5,155,160,Y,N
R2160YFN42OV4V,4,38,43,Y,N
R2R4MOWANDK8US,3,25,37,Y,N
RZSXWK4YNDGWD,5,42,43,Y,N
R1ZQKUUUY0ULRI,5,54,59,Y,N
R1VSKCRQYBAHZA,3,43,45,Y,N
R32QV454N8BYV1,5,58,60,Y,N
R3E2X92Z9BOCS4,4,66,75,Y,N
R2R4ZAXB7O58RI,4,40,48,Y,N
RPE0AP5ILA9VU,5,31,34,Y,N
R2RFHELUZISMFQ,3,51,54,Y,N
R2ULHLY8ZZMP32,5,294,305,Y,N
R1XCPN56EJGLOP,3,50,56,Y,N
R1QZJ0LINW8RKR,4,21,26,Y,N
R3MF5TIRF3QWQO,5,31,37,Y,N
R2ANI32LNMLU3H,4,26,29,Y,N
R3PU5N4ZE6D4OF,5,33,36,Y,N
RO35XLTC1OGC9,4,22,24,Y,N
RO3IAQDVD3MJS,4,26,30,Y,N
RUR6DF6CNJ7WL,4,87,95,Y,N
R1VXIRSKN2LLO8,5,127,133,Y,N
R1EEAMQMI31BWY,5,34,36,Y,N
ROQO4Z9S4SAGO,5,31,32,Y,N
R3869TNGETRUPZ,4,48,53,Y,N
RR7ZVCWAA97YX,5,23,24,Y,N
R1XKM7649XX5D7,5,25,25,Y,N
R2I332G6Y7HZDB,5,91,94,Y,N
RXN5IBCLU7MT9,5,20,21,Y,N
R3QK5L52OZXJLY,3,148,152,Y,N
R30R7BKEF4OJJS,5,105,114,Y,N
R3DPCE8EVLP7XM,4,28,30,Y,N
RGWGXYHEUCMB1,4,33,42,Y,N
R195XQ1US5QB7C,5,22,23,Y,N
R275WHYHT8145L,4,27,31,Y,N
R3F67HH4VPMS3T,5,22,29,Y,N
R33K1YUVALP167,5,290,306,Y,N
R1ILG1ANZTGILV,3,21,31,Y,N
R1NOUMLACVPT72,5,175,203,Y,N
R23SHK2H4KUWGV,4,20,21,Y,N
R19JGSDDU3U5VB,4,20,20,Y,N
RX4HGGYV1HH30,5,41,44,Y,N
R3ORMUOPQE5U1G,5,32,34,Y,N
RKZ21CJRTP4IL,4,25,28,Y,N
R2GHNCBGG44QTO,3,26,33,Y,N
R1R2NHW4C17VOX,5,27,30,Y,N
R19RXKZGGQ1249,3,29,36,Y,N
RFY1SI3L3AQ44,4,381,400,Y,N
R3G3IMWRVNADI,1,25,31,Y,N
R3TXQSJ8H5XEG4,5,23,26,Y,N
R1DDR9Y49CW1JD,3,67,69,Y,N
R2LFEHZX4Z286C,3,29,33,Y,N
R2HC7E2MEHWSWD,5,21,22,Y,N
R2836HWV2WRWOW,4,33,41,Y,N
R3DWZRL3KK9KTH,2,55,72,Y,N
R117A6AXY6QGOM,5,383,419,Y,N
R1SK6J6NMGJ2M3,3,144,149,Y,N
R1EN9YO55RB40V,3,53,56,Y,N
R1I272S9ATQCKU,4,42,50,Y,N
R50PGSNESRIWF,5,29,32,Y,N
R26LP05DJKMZ1C,5,25,28,Y,N
R1R65QOUGD1ORR,5,26,26,Y,N
R2MR5VWUZ9KDOE,4,34,39,Y,N
R265YO0NVQ9P3F,5,67,72,Y,N
R2OUIG7513T135,2,26,28,Y,N
R2B0EHWFIEC9FG,3,148,178,Y,N
R39RQW0JKV9I7J,5,48,53,Y,N
R1Z5XSSYJXTDFW,5,20,23,Y,N
RDK9532VRBHWR,4,22,28,Y,N
R2EOY3XKUWYHNN,5,680,731,Y,N
R26X55T9HK3PPM,5,51,57,Y,N
R3UUWI0QAW0N3C,5,80,87,Y,N
R3BQE9ZOVPQCT7,3,33,48,Y,N
R1N3GPXTR3BL64,5,21,22,Y,N
R1I0V0H9U039UR,4,140,160,Y,N
R34GTB9W4YDZU7,5,76,89,Y,N
RCU3DWSZYXT9J,5,94,108,Y,N
RFH9ZXKXIXH67,5,54,69,Y,N
RI1B53P8WOIVZ,2,34,38,Y,N
R3A07PD4XGLN33,4,77,83,Y,N
R3QSSLCYMT6N83,5,57,59,Y,N
RQ1KYUVYOVCU7,5,116,137,Y,N
R1GRYTFOWM8KM1,5,76,90,Y,N
R3HFBDEPPC7L1R,5,32,43,Y,N
R2191RTI8IXZ2F,4,470,494,Y,N
R1HRTJJFZN26LP,2,68,72,Y,N
R3U0D438AJ7AHV,4,137,142,Y,N
R2K7BRZOHCS4J0,5,51,56,Y,N
R3LOQFATI2BGO8,5,20,20,Y,N
R27E1VXUTDIAWQ,5,302,318,Y,N
R34BAD0HMU7YFB,4,49,51,Y,N
R1WADQ101CY8CZ,4,41,50,Y,N
R28YIE9Q52Z2S8,5,104,113,Y,N
RY1QQKASUQJJ7,2,37,39,Y,N
R340N89PE60W45,5,21,22,Y,N
R2X5HF6XWWR5CV,1,24,31,Y,N
R71LNU8MQG2LU,5,23,26,Y,N
RNFKLVXAYMB3B,4,27,32,Y,N
R2AG6P8GUQF7P7,3,84,94,Y,N
RJMPPQRF1A12Q,4,22,22,Y,N
RODV9ZW1IQL8B,5,22,26,Y,N
R1A11OMPDB1ZXF,3,25,30,Y,N
R3SCTCLK0FHTDL,4,32,37,Y,N
R8TBKT5UW5P3T,4,27,31,Y,N
R1A4PSIFB8IQKW,4,178,198,Y,N
R2ZTLZSZNTWNC0,5,45,49,Y,N
R1XHBCXS1K3O4S,3,32,33,Y,N
R1KFRG60EPRPML,3,50,53,Y,N
R1A089BLFK3WQI,3,47,58,Y,N
R773BJEOGLHG9,5,22,25,Y,N
R3417PNN6C4YJJ,5,82,100,Y,N
R2IBKIRVPJ54FP,4,45,50,Y,N
RB3U4E438WZOU,5,60,64,Y,N
R1ZPCJGULAAX8W,4,70,79,Y,N
R32W026LKS2PCX,5,30,36,Y,N
R3RS8R3WEBB261,5,22,22,Y,N
R1LIN5BL5L7PRH,3,38,40,Y,N
R25RGF86GVSV9E,5,51,59,Y,N
R355JPFLVYICLF,5,55,63,Y,N
R5J897WYKUW25,3,48,56,Y,N
R3BNMWKVP0BNCT,5,21,24,Y,N
R17N8P5PA3LADQ,4,98,106,Y,N
R3CHSB01BI4I8R,5,20,21,Y,N
RSN0VXCTRP4DX,3,388,429,Y,N
R3M71U0D69ICNC,4,91,101,Y,N
R1CUUFRTZN6X6U,5,100,116,Y,N
R168K4OZ5047X0,5,103,109,Y,N
R5AV6U5KKOX10,5,24,29,Y,N
RKUXIRNE330WF,4,125,133,Y,N
R2K7THB2VRMVB2,5,29,35,Y,N
RVATWVFIS92YA,5,32,34,Y,N
R3KJT17CRAD2BW,5,57,60,Y,N
R19LGOBRFBDWGK,5,63,71,Y,N
RIRC32GS4DM0S,4,25,32,Y,N
R1DDEI50L37ODX,5,41,43,Y,N
ROR45H78ZFDG0,2,87,95,Y,N
R3IQCDGQCXPWXJ,5,44,47,Y,N
R2EK6VJYGIA09W,4,23,27,Y,N
REE6F7YKTJN68,5,98,99,Y,N
R3DVZTHLYIESQF,4,43,50,Y,N
R1NN29Q4AO9VY1,5,200,212,Y,N
R38U0DBYSYWI03,5,80,93,Y,N
R3TO598P12AM0,4,34,41,Y,N
R2QIHJBLUBSU8X,3,29,38,Y,N
R1ONQZ01UB05A0,5,22,27,Y,N
R1KJT7XFS320KL,5,32,39,Y,N
R3H7FRP3CYO29U,3,64,75,Y,N
RA4S39CHO7YZO,3,27,31,Y,N
R25QSNQG7BFMXH,5,46,49,Y,N
R3ANSI9XBRNUZL,5,119,125,Y,N
R23MRUUYJK8PFY,4,30,34,Y,N
R7UPB0TCMM4DN,4,26,27,Y,N
R125GQMWGW2HRS,3,21,22,Y,N
R146NE4MF1D5OM,4,97,107,Y,N
R1OGWX16V7SRHN,4,23,29,Y,N
R2FNJ51MHTBHS4,5,176,192,Y,N
RG0WI3K2CV3ET,4,57,60,Y,N
RZSCNA0TZ549O,1,196,219,Y,N
RU80RMQ8XDOPD,4,30,30,Y,N
R24OPI7XAVTRIV,4,61,65,Y,N
R2YSP1996DCOW6,4,77,80,Y,N
R20PQC3EZEHZJI,5,22,27,Y,N
RJWXFRLMGSBX5,4,152,156,Y,N
R1T3BYQ2SDP0W8,3,309,334,Y,N
R4RN0SFLP4P3Y,5,25,31,Y,N
R1TAETWJSMSOKC,4,36,41,Y,N
R2NRES9DS16QP8,5,30,31,Y,N
R16GCPB30Q3XJC,4,47,53,Y,N
R2W2V3GZIBMS3M,4,40,49,Y,N
R1EX8NYHB9VPKZ,4,40,43,Y,N
RPCXLOM6CMPD1,1,23,28,Y,N
R12MHP4DSM6KO8,3,24,25,Y,N
R4I3EQ8STRGAU,4,271,298,Y,N
R1EV846POW8QTU,3,134,154,Y,N
R1MS3DFPSXXDG4,4,157,175,Y,N
R1LP9K66C5DR78,4,22,23,Y,N
R30TRMCK743WBO,5,31,39,Y,N
R1U7ABNV5VEMGR,2,22,24,Y,N
R3HL5C98RUH03H,5,22,33,Y,N
R28WATYW0X62P4,4,80,92,Y,N
R3HOLSOIRC56ML,3,29,33,Y,N
R1DGMOUME3LWR0,5,63,69,Y,N
R1PTVFLO0IJZNC,3,36,37,Y,N
R3UTWHYGQ94JUA,5,27,30,Y,N
RMNY313NSSC2Y,5,37,39,Y,N
R1VMJ2UVV543QF,2,28,56,Y,N
R1D37IIVLPG64Z,3,25,33,Y,N
RZ0S326LITCPO,5,66,70,Y,N
RGFB7U0JBQ8IO,4,36,37,Y,N
R7N3TCFWI2CPX,1,42,45,Y,N
RGCHJF4QNLUBL,3,51,59,Y,N
R1HBM53D0SUHPA,5,83,89,Y,N
RRW14I26VGBK8,5,21,23,Y,N
R1S1I88YSWM3U6,4,21,21,Y,N
R2WCSRN6NEKFQ0,1,34,37,Y,N
R33SWQ0XCHBDXE,4,80,90,Y,N
R2T5112HJGTFB2,3,105,107,Y,N
RITVH1AKNRU95,5,266,277,Y,N
RFUMYWLKRXSSF,5,59,62,Y,N
R3UHO7A05H9G2,5,250,255,Y,N
R3GDLA47LEWSCR,5,124,125,Y,N
R2025I94XW30RH,4,111,118,Y,N
R2EMHSZFGO5S4P,5,46,56,Y,N
R1NZ58QN9KQ71V,5,199,209,Y,N
R14ZY4HHYLHSS5,5,35,39,Y,N
R3K0PRAIZJ7QJ2,4,20,21,Y,N
R2T49GX161DQD4,4,79,85,Y,N
RE5ADNWXOHKTH,5,27,32,Y,N
R2X2H5JR4KTB88,3,48,57,Y,N
R3FYFUQS8A9ZZU,5,72,80,Y,N
R21BT5674GVFJB,4,317,327,Y,N
R1PEU3SXB07VY0,5,166,171,Y,N
R1D2FIMM8YSC66,5,26,28,Y,N
R1IDGXJ3H2GMF0,5,66,82,Y,N
R1946RBC3ZZEML,5,117,124,Y,N
RIX714PGOVVRL,3,47,52,Y,N
R1AFKE9SLHTFG2,5,212,246,Y,N
RNI5H6M72T3JQ,4,29,30,Y,N
RARS4IVOMIFFO,1,122,199,Y,N
R1PGTJP9COQI9J,4,24,33,Y,N
R3F6D5D7ETQFY0,4,98,104,Y,N
R3TZH68IT58XWI,4,42,56,Y,N
R8SM9BY3IRMWU,5,126,143,Y,N
R1LP58HEX4RGQ7,5,38,53,Y,N
R3BYVPPL7G4KK9,4,42,50,Y,N
R2L01A16EBT7DA,5,117,126,Y,N
R10SHSAXL96BIB,4,22,26,Y,N
R7XENJREWS6GE,5,48,53,Y,N
R1E91DYYJXHYEG,4,162,170,Y,N
R9ETSU67CGQQE,5,44,44,Y,N
R3IQC9C7XSKM72,4,52,72,Y,N
R1QYPO9TU64JFS,4,69,71,Y,N
RDFFSZHCHPBBD,3,32,37,Y,N
R2ITIJK3XLTCOA,5,21,24,Y,N
R24NPU64XGYIQ0,4,75,82,Y,N
R21OE9MPPCVPXG,3,175,193,Y,N
R1CKUFR54A8JF1,4,184,200,Y,N
RZIOUWOVFKV9A,4,67,71,Y,N
R1HKOJ1WAU4RX4,3,20,26,Y,N
RNMWD2ZPI8T93,4,224,242,Y,N
R1H8970GS7P1OI,4,72,78,Y,N
R127GT2JGDAJD6,4,32,38,Y,N
RGYR4FKKKGRCK,5,611,653,Y,N
R4973783TIJFZ,5,22,26,Y,N
R1QG000IZAURP1,3,20,23,Y,N
R4GL1HF3KWR6D,5,60,62,Y,N
R15U56HL1I51RM,3,35,37,Y,N
R3C9N90XLI0JBU,5,35,41,Y,N
R3MS5YMDXBQR1R,5,50,56,Y,N
RU9QVM0GPBDUI,3,520,591,Y,N
RR9ZIG2YHDWX2,3,51,55,Y,N
R4BBRBHHZPHVU,4,187,216,Y,N
R326B8HPTSWWFI,5,50,54,Y,N
RUVHCK179EUWP,3,254,273,Y,N
R2I2R60U14W1WX,3,20,20,Y,N
R3HKX51Q6L6RFV,5,110,124,Y,N
R2L32VCN7Z84ZR,3,69,75,Y,N
RU9QVI69XUZDW,5,49,54,Y,N
R2CCD45Y07OC8I,4,239,262,Y,N
R1PEKTV6KL7UZA,4,30,32,Y,N
R2Q4VCUQ7LLPPE,3,43,47,Y,N
R3EELQBSB3B2L4,3,210,236,Y,N
R2CQH6WYEWKR5M,5,35,37,Y,N
R3O11CO8XI6L0,3,33,34,Y,N
R14K2NUF4CNVG6,4,23,24,Y,N
R2ZIQ2HDRWBUFW,2,26,31,Y,N
RMVKY6WVFSP9J,4,313,339,Y,N
R241BHQV9UF8SD,5,23,25,Y,N
R3W3HGB77L5KDE,5,35,39,Y,N
RM8W66CGJKEI,2,44,53,Y,N
R3U1MX4ON9ZLX7,5,73,80,Y,N
R3AGFILHEM0JHB,3,38,43,Y,N
RMZB7L8KJ9LJJ,3,73,83,Y,N
R1Z61GDSGJ5F9K,1,30,35,Y,N
R2HFR1BPHFKYS8,5,87,96,Y,N
R384DHO1X40J65,4,37,38,Y,N
RY00DVUZHDFTJ,4,21,23,Y,N
R3DE5SJSGXDUNT,2,31,40,Y,N
RZ5Y1XQ7LPP2,5,144,150,Y,N
RYCSESK92GONY,3,50,55,Y,N
R2IK9AO57SLB5X,3,21,23,Y,N
R2FZDQ580NHNTW,4,24,25,Y,N
R3MJVOYXZKRSSH,4,23,27,Y,N
R1UF6BLU39T6U8,4,38,41,Y,N
R3U5AG0RYMDAEB,5,45,48,Y,N
RZ29KMLKBAYBI,3,21,22,Y,N
R13JQBRX675SQ4,4,263,279,Y,N
R1P2QZ7WN0ZDZM,4,22,23,Y,N
R3UBENR97YORNJ,2,56,56,Y,N
R3C6U6DE53Z0NI,5,235,244,Y,N
R3TTBKBLDD3G76,5,46,48,Y,N
R2L0VL038UCR29,4,86,88,Y,N
R2VAG34ZSCE802,2,39,46,Y,N
RQ6WICHLQ9Q0S,5,30,40,Y,N
R5ASY941QXKVK,4,26,30,Y,N
R30F5GMG5F843S,5,31,35,Y,N
RIZ9OQSVPAPA8,4,21,22,Y,N
RJJR7XMZNTF3U,5,33,36,Y,N
RUSJSJB72545Z,3,188,213,Y,N
RE320JO71IOB8,3,56,70,Y,N
R8MX9BSADGEHG,1,38,56,Y,N
R1S5ONAGOXES8B,4,318,336,Y,N
RVCWJSSS13AUJ,4,27,34,Y,N
R2G6EJ5FKGPBQ3,5,60,66,Y,N
R2ZXSRETBDGTM0,4,172,202,Y,N
R27NJ33H4ZSH7,4,30,37,Y,N
RCZWOQK0ASYCJ,4,39,44,Y,N
R2PHB8R4F73O12,4,35,42,Y,N
RVQ4811W7QMHO,5,21,26,Y,N
R21CE9W9QIH1FV,5,156,166,Y,N
R31O8QOYZSQG2I,5,27,34,Y,N
R2RPMZPWD7REVM,5,1097,1160,Y,N
RMUNKFBOVAQ02,5,36,39,Y,N
R2KEI54NTXPY8W,4,28,32,Y,N
R9BQGY5RM4AI9,5,33,35,Y,N
RE8P01PQBGKU8,3,118,121,Y,N
R27LTU306Q0A49,3,74,87,Y,N
R33GV1TTXUEV7,5,48,58,Y,N
R1CUFMS5V3LR6W,4,114,124,Y,N
R39PSN2YW3KA70,5,509,571,Y,Y
R1K8PRP13RUP2U,1,55,65,Y,N
R1Z4LKBLO09ERK,1,38,44,Y,N
RO9NDA09NXVBZ,3,131,140,Y,N
R3JABO3SL8BFSA,3,122,136,Y,N
R6ZRIJBETNSOB,5,27,28,Y,Y
R1M6G6MCC8ZTPL,4,24,26,Y,N
R1G2425OS2OU3L,5,52,58,Y,N
R2QKFH03BSK9HE,5,281,299,Y,N
RT6ZPFPJROPAN,5,26,29,Y,N
R3PDQ2IQUO6KYT,5,20,21,Y,N
R1FECYTBV5TX67,3,372,391,Y,N
R1SZLEJDDSRBVD,3,25,28,Y,N
R31IPJCCRH0J2Z,5,43,49,Y,N
RJQV8KESFECHR,4,458,466,Y,N
R3SCMRSU86XLLQ,5,63,65,Y,N
R3R4O21XI8AEIO,5,37,43,Y,N
R30GAR6ZMK4N7I,3,50,56,Y,N
R3TTOY7ZGY3I1S,5,36,44,Y,N
R3RIBSNQ5VVLKT,5,22,26,Y,N
R3PG6L8ULBRWT9,3,25,28,Y,N
RED3OSWWOXE2A,4,63,63,Y,N
R1UH42KUXNXYCX,3,182,191,Y,N
R2U36EAA0P8PO5,4,201,218,Y,N
R2M2HYFPHXJDD,5,57,64,Y,N
R34WJRFZUGZDQ1,4,74,85,Y,N
RXT653BNSFHJ8,4,67,75,Y,N
R25MBHBYCM4RT0,4,285,292,Y,N
R3EA9K6CPXC9BZ,4,87,99,Y,N
R3G44UQP08I7S6,4,40,43,Y,N
R2YN7YXTJTFDHT,4,112,120,Y,N
R43PG6N22VLTT,3,21,24,Y,N
R3I3MOVZUAHYTT,2,43,47,Y,N
R349Z3BP1ZF5ST,5,20,22,Y,N
R3NZFCOE61X5N9,4,209,215,Y,N
R72ZTWNP5OA82,5,196,199,Y,N
R21Q5EYYFERB7K,5,301,311,Y,N
R1MRZ108KRP40L,4,71,79,Y,N
R1SNMYAXIQ8UI3,3,127,141,Y,N
R21DAAPIN3VEW6,3,53,57,Y,N
RLBYSGL54HF97,2,22,25,Y,N
R1M4J41I6SJ3M1,4,45,51,Y,N
R35WN31V2RPDWH,5,939,949,Y,N
R81CPOAEXBB4P,5,28,31,Y,N
R2CASKEC3DMRYH,5,26,28,Y,N
R3AIYATOHH9S26,3,43,46,Y,N
R2CF2ATEGWFMI8,1,24,35,Y,N
R2MROJRTSQVGDB,2,22,26,Y,N
R2HV8BMQRUF81W,5,60,65,Y,N
R1L3UGTHGHSG30,4,62,66,Y,N
RQ5U5RQCTD7KJ,5,25,33,Y,N
R3E1Q26KRGOATB,4,107,122,Y,N
R3R0JZUK9H086,3,190,200,Y,N
R2RLUN5CJQU3ZF,5,28,35,Y,N
R12NS095IS0MUM,4,77,87,Y,N
R3VHROY86NVXNA,5,34,40,Y,N
R36MABTA800INC,5,89,95,Y,N
RKSSPR7MON42H,3,21,24,Y,N
R2VO6ICT9WGCQ5,4,69,72,Y,N
R1XOUDOMX6PMVH,4,33,42,Y,N
R2U32NEJYLR880,3,74,77,Y,N
RJOS8ZB135GQ,4,81,89,Y,N
RDEOMBUINEPJ4,1,168,189,Y,N
RLJFVCMCLXIQW,5,26,28,Y,N
R8LAZONI0Z4LN,4,23,26,Y,N
R2DHT0IRQSRSJE,5,201,217,Y,N
R3VH2E924EABH,5,71,73,Y,N
R1JTBTMZBBLSVD,5,36,42,Y,N
R26H78MUGK2QO6,5,70,72,Y,N
R3MV12XJ78FIRW,2,52,56,Y,N
R1ABY25ZTPYVYX,5,184,188,Y,N
R2D23ZIRXH7HGI,4,25,25,Y,N
RLBH1AX1KPEVA,3,21,23,Y,N
R1QTUV0VC29FWI,1,27,33,Y,N
R34LD6VQ8LPSWL,3,23,28,Y,N
R8DMLPLEJUKG,4,72,78,Y,N
R1DLQR00W4AHPB,4,31,33,Y,N
RMD756OOUTF26,5,49,54,Y,Y
R3GZFQ7REABTZQ,5,136,171,Y,N
R3RNTMWQV40ZT,1,183,216,Y,N
R1PG2700Q294Z1,3,298,321,Y,N
R3NVHRUYDIBWM1,4,67,71,Y,N
R5Q97PGEXFV9H,5,28,28,Y,N
R2QQCLQXZ334U8,4,43,44,Y,N
R22TD0UZGE5SDN,1,58,68,Y,N
R2HOUH83D3ONYU,5,60,70,Y,N
R39R34EZ4UQD00,3,41,45,Y,N
R1C882XD1TGE5H,1,49,55,Y,N
R2WG47KNUUV77G,4,44,45,Y,N
RMRYWA7ZAH9CO,5,149,156,Y,N
R2VA66RGUHNV1,5,66,68,Y,N
R1DJT9FMUKCA6B,5,22,24,Y,N
R24G3L1FML004I,3,31,38,Y,N
R3N1KT6DZ2Q0Z3,4,65,69,Y,N
R2PGPV5WARSU3T,5,42,44,Y,Y
RNIYWGK0ZBZHR,2,100,105,Y,N
R1SLR9N4CFK9WS,5,57,58,Y,N
R2IZD16RYSJ27O,4,166,167,Y,N
RRUJAZZI0I1WY,4,33,38,Y,N
R1XKV52WV2GYA0,3,64,73,Y,N
R1FG0LZ549335Z,5,30,30,Y,N
R32QMFBU6CEGAD,5,21,28,Y,N
R1DEB2EXQWPL3G,5,59,61,Y,N
R2HF2NLEWYD6K,5,78,82,Y,Y
R1DYQF8BQWC31Z,5,31,31,Y,N
R2DPDPQO9OOH1L,4,34,38,Y,N
RR375RKADL45A,3,46,47,Y,N
R1P9F80QBZX816,4,148,154,Y,N
R1BAUHXB93BGFT,3,21,23,Y,N
R3EZRTFBIXV6VU,5,33,35,Y,N
R2J8H9O3VNSBUF,4,22,27,Y,N
R1YN74XCE05EPE,5,71,72,Y,N
RQ4P6JA96CXFA,3,471,516,Y,N
R34CCUU917IPAX,4,121,127,Y,N
RWB15367QT203,5,22,28,Y,N
R2WW4X2THW3YB5,2,24,27,Y,N
R1818K5RWWA86U,4,58,62,Y,N
RGJV5CZ6D06QN,5,24,26,Y,N
R277PV8QC7D1FQ,5,243,259,Y,N
RRQ2Z8VP6PPGJ,5,57,59,Y,N
R1VMXBI4S4MZED,3,52,59,Y,N
RQY4LNRZ7OFSA,3,56,73,Y,N
R3W0G4V9H5ZEFR,5,49,50,Y,N
R2AK24FXQ0TW95,5,52,67,Y,N
R93356ERTU4PM,4,25,27,Y,N
R1F63PTGGZQSDD,5,68,71,Y,N
R3CKK07DIUKUMC,4,24,30,Y,N
R1KA9LIKKY1HOD,3,197,210,Y,N
R2QG0E6XQTI15R,5,20,20,Y,N
R1IKNOQ7CFH53,4,192,204,Y,N
RDAXB2DTDIGTT,5,166,175,Y,N
R1POF99R5EZVQ4,4,85,89,Y,N
RSZ5CMR6Y634U,5,375,388,Y,N
R2CNEX4QRZLB52,5,187,189,Y,N
R2083BXYGQ37C4,2,90,102,Y,N
R395FZLTJPM50Y,4,42,44,Y,N
R19WKAP1EOS9X,5,32,35,Y,N
R2DQO3W367GU73,4,39,46,Y,N
RM2I2EO191ETE,4,42,49,Y,N
RA6H4LOXG8QLY,3,66,86,Y,N
R1ZUFK6L3RJV4Y,5,54,57,Y,N
RHGMXHGJJEK08,2,933,1125,Y,N
R3MBOAD4UFIGX,3,23,29,Y,N
R2CH1NDDSUPGQM,5,26,29,Y,N
RF5BGZYF3I71Q,4,54,55,Y,N
RLL7LA8FBD5PI,4,25,27,Y,N
R3GSYHT0KDEV1V,5,48,50,Y,N
R1KAT7LEQBNQV3,2,76,87,Y,N
R1LRD2FYF36RO6,3,54,71,Y,N
R3QAYGFT9JT26A,2,127,149,Y,N
R3TKMXQ07KC45Q,1,146,179,Y,N
R3E6PS7GC4S2FM,2,116,138,Y,N
R2CTD4GB9ESP3D,3,32,34,Y,N
R2SY3RG16RZ1I0,3,21,30,Y,N
R3FSN3E69URD17,4,28,29,Y,N
R2K2PKJUO6AA7K,3,41,53,Y,N
R3OID8NHUONSRD,4,156,160,Y,N
RFN5TQSCXS0TD,5,423,446,Y,N
RVLWQMK005OL9,4,28,31,Y,Y
R2CQJGKXERVGQS,4,67,72,Y,N
R1SYV4C4Z0XX9E,3,24,24,Y,N
R2TLQFGWFBTXPM,2,509,536,Y,N
RZKUF8NRWPU7M,3,50,66,Y,N
R2A15GSEOXTLQC,3,23,32,Y,N
R16947Q3U7EBN7,3,67,76,Y,N
RDJ32A6MKXQWS,4,39,53,Y,N
R89IV0KZQ4HMW,3,146,166,Y,N
R3N25JR89Z57M5,4,39,45,Y,N
R5NNXEEQ6LPKM,5,24,29,Y,N
RKPNYYWSPA2MC,5,63,71,Y,N
R34NK3Z1BXCGK2,3,30,40,Y,N
R8LF81P2H1NFF,4,27,29,Y,N
R2RT1BVF5E8003,4,45,47,Y,N
R2XLFZYAAV6F8K,5,41,49,Y,N
R3R15UOADRRWHO,4,30,31,Y,N
RRP2AV30O2PH9,5,260,270,Y,N
R1D5RV8GDLPPT7,4,289,307,Y,N
R1YOGN4FJVKAZ7,5,21,22,Y,N
R2QMAYWGGA3L60,4,235,244,Y,N
RDHLE6KPRMBUC,5,41,44,Y,N
R1T6AHBS9C24H5,1,63,68,Y,N
R3IFHGR13AW7AG,5,119,128,Y,N
RWWAEKASA5598,3,35,42,Y,N
R260DPUXJG4650,4,31,36,Y,N
R1FBEEWO2JQ6LJ,5,25,28,Y,N
R2W8GI78W2UE8U,4,452,471,Y,N
R3VFH5D57ZN2HA,5,32,36,Y,N
R3S205OTKLGUME,3,151,160,Y,N
R3J9NR05SFE88T,4,24,28,Y,N
R3IOC2RD7MXKNW,5,44,45,Y,N
R2Z1AMO2Z243B0,3,21,23,Y,N
R1QXKM6ML3AD0B,5,30,30,Y,N
R3JJ4YD88NW8L9,5,30,30,Y,N
R2INGQ67C1OWJA,4,77,87,Y,N
R2WY2WATV9WS3V,5,21,21,Y,N
RXEHQIOBDHF71,5,28,30,Y,N
RQRA7AQJ02PTP,2,46,55,Y,N
R116EDKMDW1O1W,4,73,75,Y,N
RKSOW6WQ35G3O,5,126,131,Y,N
R29JOIJF7I2YFD,1,21,25,Y,N
R1FYEP1I4FC16T,5,63,68,Y,N
R3RC447C4I7ZO9,1,77,83,Y,N
R2FDLR2LTC0EWH,5,163,182,Y,N
R1UG4L6H1TXPOM,3,37,41,Y,N
R1U1W1V1PNMPG1,5,37,47,Y,N
R12S87TQ1TED9U,5,138,159,Y,N
R3RJNSR7W9RGDD,4,38,39,Y,N
R181N9KGUYMAL4,4,159,173,Y,N
R3J43B3ZIZAFF3,5,301,374,Y,N
R2DMARNZEVAB7L,5,28,29,Y,N
R2SO9OWI7YAS59,5,27,35,Y,N
R17I567CVHPB68,5,27,28,Y,N
R1JLPKB3HXA03T,5,37,50,Y,N
R2X4N7CG5LPW75,5,72,75,Y,N
R18OVMF9J49K3S,3,73,76,Y,N
R2UI3F4C9INADD,4,68,76,Y,N
R3L77ABYAEQGW1,5,30,37,Y,N
R22S7L00DPY2XV,3,124,132,Y,N
R21QMFKX0O3BFS,3,34,45,Y,N
R24PKOWCTA5LE9,5,34,43,Y,N
R3DW0KWO8RIZF4,5,35,38,Y,N
R2FBJHXGOR5E9U,4,38,45,Y,N
R26UBUKA2Q3AX1,4,283,295,Y,N
RIOYU1LW4X7XG,3,83,92,Y,N
R318U588MCJHZS,3,41,50,Y,N
ROAVA2O1E5DUC,3,77,86,Y,N
R1G6OWVAN2NP60,5,20,26,Y,N
RR34DLJKB7N7D,5,24,26,Y,N
R2LHEWLRRG025K,1,243,294,Y,N
R2M6KLNHVKXH20,4,45,48,Y,N
R3NMMKVD0L9QQ9,2,92,102,Y,N
R1PEPUM3DEMHVO,4,24,27,Y,N
R2MDXU5CWZ65LJ,3,44,50,Y,N
R26Z97YV5RPOKJ,3,51,54,Y,N
R2S27E5IM6XWFV,3,88,103,Y,N
R37KJEY8ZNNN2J,3,96,116,Y,N
R3JCL0K4JRMFUK,4,32,37,Y,N
R2KCFQZNKGJ9F0,5,414,433,Y,N
R26A4FRF87GBXT,5,48,59,Y,N
R2DFWZJLVILUW9,5,228,241,Y,N
R2A96ASKF8ERS,5,152,158,Y,N
R2OYJVMWOT5GA1,4,57,63,Y,N
R3VINHNVFKYR3Y,3,43,50,Y,N
R3K59M6BUB8JL5,5,153,163,Y,N
R1KJUCBXT7CWJ0,5,37,38,Y,N
R1VROBR0P3N413,3,86,95,Y,N
R3GZQ3MK3NZ9CJ,5,52,56,Y,N
R2L0EVS87JSG4Q,4,172,185,Y,N
R14SKDHZT8F9ER,5,23,24,Y,N
RXJ6NH0ZDJ4R0,5,20,21,Y,N
ROXBSNNP3UZ9L,5,380,406,Y,N
R2JA2B62OICHK6,5,58,60,Y,N
R2OLKO5FNUTRX6,1,104,111,Y,N
R1MYLBMT6A0JOP,3,42,44,Y,N
R2AWRGHJQNCPG6,5,70,76,Y,N
R3DW2WPSTRS9I1,1,35,43,Y,N
R2KC6241LB3KUG,5,37,39,Y,N
R1555KXOC3RVIA,4,191,199,Y,N
RP9APJZW3PH5I,5,85,92,Y,N
RVXPS20F4FS7T,5,33,36,Y,N
R3FVH7S84O4H9X,5,29,30,Y,N
RH0MQKRH4M67Z,4,39,41,Y,N
R1JM4OSQ723JAQ,3,207,213,Y,N
R2P68OCTR6O9NZ,4,229,234,Y,N
R10R93DOK3691U,5,76,77,Y,N
R2NTYS2JBMMGU6,5,69,73,Y,N
R3N3HK7OBRJRYB,4,32,33,Y,N
RJHSOQHAQ2U2T,3,35,40,Y,N
R34Q8OFZO6R00,3,74,86,Y,N
R3IP2ZIHHZ52O3,5,50,52,Y,N
R2MC8516A0ETF9,2,161,178,Y,N
R29U4O9N42IQPX,5,24,29,Y,N
R187T89CUT6F6D,5,26,26,Y,N
RCRXADSG1FOJ8,4,432,478,Y,N
R2BM750SNJD31W,5,521,536,Y,N
R3EJ4ZI1MBUS9,5,112,113,Y,N
RZ2G07Q2QJNM2,2,55,59,Y,N
R1CSU9JNJAWQJJ,1,49,63,Y,N
RNXD7Q7GVU7HX,5,50,61,Y,N
R7FIKC7L51U81,4,166,191,Y,N
R39ND12A3EVQN5,5,35,39,Y,N
RLIXCWR17K92X,5,20,23,Y,N
R3M12MBF5LIPEF,3,46,58,Y,N
RLYSC21ISDJ4X,4,21,25,Y,N
R1YHHYND6SH9LE,4,492,532,Y,N
R1G433O1K7MHRA,3,201,236,Y,N
R24N6L733CDUN4,4,82,85,Y,N
R3OA41N21QDQAE,1,78,89,Y,N
R3Q9OEL6JSOMMY,5,444,467,Y,N
RIV2EGVVYBNVF,5,27,31,Y,N
RUAP8X68EJ0KY,5,49,50,Y,N
R32AUY57HTCURV,4,72,80,Y,N
R1XN2UW3JDRL7C,5,26,32,Y,N
R9MHC6EL9JW8A,5,648,670,Y,N
R1Q4RU8FIY96AF,5,20,24,Y,N
R1N68P6QKT6L7F,4,233,263,Y,N
R232EAYGY2IYGY,3,283,329,Y,N
R2LTBCN08KH9J4,4,23,23,Y,N
R3DU0TA8CZUS6O,2,24,35,Y,N
RV1F706LC60WL,2,38,53,Y,N
R2GP8A4I3VW2M9,5,27,30,Y,N
R90A5IPX98WHB,3,69,84,Y,N
R2MA9P1EPLZFB2,4,24,25,Y,N
R20PCO926E2379,3,96,103,Y,N
R1HQJ182XNLWOR,4,217,227,Y,N
R2L7E01DT30YV8,5,32,37,Y,N
R3E2N3S8EASVMQ,1,20,26,Y,N
R9YTX1JRXPQN5,4,48,52,Y,N
R3DB7OQ3D26U8Z,4,27,27,Y,N
R335JMBRDEOUKM,4,61,63,Y,N
R2EWA5TUR6GLQ0,5,27,36,Y,N
R20YXEDDD4GWT0,3,36,36,Y,N
R2HV6BORDV2WXP,3,506,583,Y,N
RZHEIGK7XO2BP,4,37,40,Y,N
RETFS4JVM6266,5,36,36,Y,N
R2TAL90L1QA558,5,21,23,Y,N
R1HEYMCV3OZKMD,5,20,20,Y,N
R3Q1S1DJ7X57ZL,3,46,53,Y,N
R2WM5H1LR2U8EZ,3,99,111,Y,N
R1VAAL58C9QX3C,3,77,81,Y,N
R136QPFPSCMFDC,5,159,170,Y,N
R11Y3UNEMJRG3P,4,48,50,Y,N
R1IEY6OVORL9TD,2,54,63,Y,N
RKO2VOD0PF98N,5,132,139,Y,N
R1T1A8KS2GSKB8,3,23,28,Y,N
R13ARA1ITTWLR2,5,33,40,Y,N
R125DVFI0OE4E1,2,39,46,Y,N
R2AUHPRULKDXOR,5,44,45,Y,N
R29FGVYXHRVU0D,4,1143,1174,Y,N
R1ABB2WCX280CM,4,58,67,Y,N
R3HQWGLJJ5HCQJ,4,30,35,Y,N
R1A6W9MRLWBS2S,5,71,81,Y,N
RGPO5XIR0NY51,4,141,152,Y,N
RNPJ92M8J3FOH,5,20,24,Y,N
R2SC06LSB4UJKD,5,42,42,Y,N
R1VAK0PPJV18FO,4,70,78,Y,N
R2R6OW3JA28UHI,4,43,53,Y,N
RHYT3ZG8UQ9V,4,66,76,Y,N
R8HI5NGA09O6T,4,68,79,Y,N
R1JV4IXJ6K8DTJ,3,587,616,Y,N
R1TMK4B2K7OZAZ,4,28,30,Y,N
R3KDMSY64UKMZA,5,34,34,Y,N
R1YHXNJEZGR3VR,1,57,63,Y,N
R3L7GWMKDBVLY,5,261,280,Y,N
R1RQAAPI6811FD,5,133,145,Y,N
R2L0ZM0NU6S10Q,3,133,148,Y,N
R632S57VR18M2,3,47,52,Y,N
R3588O3QGV503P,4,31,41,Y,N
R2TXFY08PB9TBN,5,23,28,Y,N
R17APFCUPNLDSS,5,23,28,Y,N
R232OCU4M7GE1C,5,37,42,Y,N
R3GXLEZJSN1XWE,5,893,942,Y,N
R2ASUAUE4I72QZ,4,90,104,Y,N
RLO8H5VCOKHM9,5,24,30,Y,N
R10NMWLJ7UE32R,5,23,26,Y,N
RH30DLCTS71PJ,5,94,101,Y,N
R1PFCLSXAYJ1JW,4,221,229,Y,N
R1CLV6B4Q49511,4,134,163,Y,N
R2TBI2J4LGOEYZ,5,23,25,Y,N
R13X1KCRYRDX1X,5,111,121,Y,N
RQ6HYNXDZI9Q1,5,51,64,Y,N
R2XFHE8CY8Q4WE,4,37,45,Y,N
R2W5H5KT94OBTD,4,96,99,Y,N
R4AZUNI47OX85,4,314,321,Y,N
R3RBJJOH6DDCU8,5,24,31,Y,N
RBGG2KCQVVJKO,5,26,32,Y,N
R3C0BE1G4GTDPL,5,20,26,Y,N
R2S4TDLUVN1GN9,5,22,24,Y,N
R1X5DX40C1I5ER,3,73,73,Y,N
RIXG233R8DQ1D,5,112,122,Y,N
R37QTS4NUPNAY6,5,21,25,Y,N
RVMLCMU7Q7MFH,1,41,49,Y,N
R57BK6OV9HFEY,4,31,35,Y,N
R1IB7H35T4E8ZR,3,50,56,Y,N
R27MTBQQ6TWH4D,4,438,455,Y,N
R5TROCDJHFZ29,5,35,39,Y,N
R2H5V9YV74Q00P,3,82,102,Y,N
R1UO1NWI4VY602,5,69,73,Y,N
R3OFVXY1YT1BZ3,4,278,298,Y,N
R2M41YJ5KU10A0,4,850,868,Y,N
R2Y012EPQYLOHI,3,44,55,Y,N
R32GWZO20AQYMU,5,163,174,Y,N
R1XR2WCTGHELD0,5,31,33,Y,N
R2NRFDO9YGSMZD,5,96,109,Y,N
R39UHLAYBNWKRM,5,41,43,Y,N
R1XEDG23474U0O,5,59,66,Y,N
R2N9ZX711RL7AF,5,44,54,Y,N
R158O2JXEAQ2N2,2,101,104,Y,N
R1DWIHR370PS39,4,34,39,Y,N
R3TKQ1NYCT3XF9,5,23,27,Y,N
R3OPKCP8EKFRMU,2,92,104,Y,N
R2JGZMRDDQI0KT,3,31,33,Y,N
R2Q66PZJZNUK60,4,82,91,Y,N
R2QFB4E3FZ5KPU,5,35,47,Y,Y
R1ZY2VPW4884MC,5,171,178,Y,N
RUA9ZFDRKN1Q6,3,137,154,Y,N
R1BI2VRIX528OL,4,23,24,Y,N
R3EJ4A146EBMI0,5,22,31,Y,N
R3PMRMZC91T7VT,4,421,445,Y,N
R3EDWMKG910G4O,3,30,34,Y,N
R1T6PYMOI308P7,3,35,39,Y,N
R2UHJM5ORI4VP6,5,114,123,Y,N
R5WDCSIDG6BAV,5,146,151,Y,N
RMJV2B2ZE5E9X,4,23,25,Y,N
R3QRIR26GS95UT,5,24,31,Y,N
R3PMUR9WS61DWU,3,42,56,Y,N
R1TBHPD3X49KTD,5,185,193,Y,N
R3Q209RODQNKB3,5,41,44,Y,N
R26FMY2EOQ9JJ,5,38,42,Y,N
RYXRMYOW1XJQ5,4,22,22,Y,N
R3M4U93LU2TAPD,2,32,38,Y,N
RK48YPHH9YIFB,5,75,79,Y,N
R3N3WAUBPUTH1R,3,29,33,Y,N
R1NXQ0FGQ8TRNN,5,48,51,Y,N
R2A7CWELLFU8YR,5,25,26,Y,N
R3PME8QW8NZGXY,4,43,43,Y,N
R153A69NB4RWLB,5,179,184,Y,N
R158YS97KX3MTR,5,140,153,Y,N
R7OYS08860RPQ,3,22,26,Y,N
R10M4WK0J4HSWN,3,24,25,Y,N
RJ34BPAPG77W1,5,34,36,Y,N
RT2HXYXB0KUKM,5,29,34,Y,N
R1PL5UAART3H3B,3,53,70,Y,N
R3QDDX9FFTIZ0Y,5,23,28,Y,N
R1HR0YSDHYX1D5,2,53,61,Y,N
RJLLH71Q0TBX0,4,24,29,Y,N
R2C8I6NAJZM8HA,5,70,71,Y,N
R3LEQETV1PSAF,4,39,43,Y,N
R102PN1J5DC950,4,24,29,Y,N
R1P9U3UHJP7LSR,4,21,22,Y,N
RSFP3E3ILQTYK,3,114,129,Y,N
R2QD6TV54JY6QO,5,277,289,Y,N
R2TDHM3OO5ORXW,4,45,50,Y,N
RRCFSN3TX00L8,5,58,62,Y,N
R2LQS75TZCGLPL,4,32,34,Y,N
R3B2VOBM5ZV3BU,3,28,30,Y,N
RLJNIEV0IP0BF,5,43,48,Y,N
RPBRMSGJV0LE0,4,81,84,Y,N
R3NAZM08IQXVF8,5,27,27,Y,N
R3007801HUOS21,2,48,57,Y,N
R2V08XFY4OBR7T,3,25,28,Y,N
R6XN06X67WVH3,4,34,35,Y,N
R12BBD5ZRT5UUU,2,83,101,Y,N
R2QIWSDY86NL84,3,20,21,Y,N
R3W0TAL20R4ERR,4,69,71,Y,N
R10DTZM9PPY97T,5,41,41,Y,N
R925QUGRS7G0K,5,36,38,Y,N
R2Z89D0NEQDRUF,4,24,24,Y,N
R3DD2886RVOMAD,5,46,47,Y,N
R1D1J5E3TXZICU,4,483,530,Y,N
R37LJ6NO7UYHP3,2,66,74,Y,N
R1N6NNOBZBN0Y3,4,73,94,Y,N
R2SCJ87O7QY3E7,4,31,32,Y,N
RPYJQMO0EZ972,5,69,80,Y,N
R1YF4DN34Z6NN,2,50,53,Y,N
RJDUS2E1U4NQQ,4,229,234,Y,N
R2GU5L3O3X3DST,2,33,39,Y,N
R395R9TIVK26OZ,1,261,294,Y,N
R2ILDW1TGDBZ6X,4,21,22,Y,N
RABMFMFN8QH1R,5,136,153,Y,N
R2NA8QCWLQGPKS,4,68,77,Y,N
RETTQZ05UGHIC,2,23,23,Y,N
R3MIN6CKI4NRR6,3,355,403,Y,N
R20B0DAYBXAFF3,3,48,54,Y,N
R1UBBXV3PECWWB,2,52,58,Y,N
R2WO7NAWKDJ3QZ,3,365,384,Y,N
R3N2QMAT62KC00,3,31,38,Y,N
R3SK2NKK0D7S3K,5,498,505,Y,N
RFTWL3GNJV65X,4,69,78,Y,N
R1IGN06SDTIL0X,5,55,59,Y,N
R3SNMUD10E85KH,5,84,96,Y,N
R1KS6NTDXOUAF,2,21,21,Y,N
R3IBZKYLOZMT46,5,26,27,Y,N
R2XPY1IA4UQ3BI,2,39,47,Y,N
R16XQLOE0G8AGE,3,67,78,Y,N
RHWRQ1M5L8K0F,3,149,152,Y,N
R1RNL7ND0Q2WWE,5,23,24,Y,N
R3VKD94LXNK6W9,5,29,30,Y,N
R389II82HTEOWU,5,28,28,Y,N
RL55BIO01Y0LL,5,82,89,Y,N
R1E9HOIJT96MIF,5,23,23,Y,N
R28GHOBS3AYTOQ,5,106,110,Y,N
RNKLQQ9HB3FNS,5,81,86,Y,N
R2CU8IJ8ETSTS3,4,20,22,Y,N
RW1RK3F4M35FX,1,94,99,Y,N
R3QWQ1CIG1EFGH,5,44,47,Y,N
R38KNPASKDUFQ0,3,42,48,Y,N
R3ASK7M33TDLXO,3,36,41,Y,N
R2PFCVPYQUXW66,4,158,171,Y,N
R2GRITYOXPSGEC,4,65,69,Y,N
R3IU10FOK6I50R,1,177,182,Y,N
R3OIL1KDMWKD19,4,20,22,Y,N
R1PTV0LR3ML5MB,5,44,48,Y,N
R2W64FNTE62OJ,5,113,126,Y,N
R25XMSZY6MJS3N,4,459,491,Y,N
R2EC5EAOWL4K72,3,23,24,Y,N
RZ5ETMQB7Q4FZ,4,25,26,Y,N
R2BNM461SPXIVV,4,40,46,Y,N
R1P3IU1R7V7WRD,5,39,47,Y,N
RW5HIYCQTXYSC,4,81,89,Y,N
R32ZPNCIK9GVO5,3,230,248,Y,N
RDTOJR9X9LF91,5,102,115,Y,N
R1NRJJD0646D0B,3,60,63,Y,N
R19SZBG8NQEUNP,4,26,29,Y,N
R2MKJM51EKXXI3,4,49,51,Y,N
R38N9SL2260NTK,4,54,61,Y,N
R2UJ0U60UUEFZ7,4,49,54,Y,N
R377GJVU0GHN3M,2,53,57,Y,N
R2JGM7U0FEGZAD,5,32,36,Y,N
R283JSGP7AWSC0,5,20,20,Y,N
R3SD948WDQ8LR5,3,28,31,Y,N
RJCZZMAPLXO80,2,115,122,Y,N
R1YT65GMYKAXB9,4,189,196,Y,N
R10H83BCAOJO2N,3,44,50,Y,N
R3COQ2IASH1SJY,5,51,54,Y,N
R2IAFHEIH6GTK6,5,68,74,Y,N
R17ZSE2GJ3YUJP,5,334,346,Y,N
R3B2JU51VYGF2R,2,82,89,Y,N
R23C3RYD0M3S5L,3,53,57,Y,N
R2XZ8UFDPM3ZGH,5,34,37,Y,N
R12O2KTCOAEC4G,5,176,186,Y,N
R1R7MVCGIVDLOK,4,34,34,Y,N
R1K02V3K5P9V05,4,64,65,Y,N
R6XJID488CTYU,4,219,223,Y,N
R3VM396R4DLFQO,3,67,72,Y,N
R1H2DXX2GSFZ5X,5,50,55,Y,N
R1QQTVYT3ULPUF,3,83,90,Y,N
RKHR1EMYCGPRY,5,25,29,Y,N
RU9F49I8BA86N,5,30,34,Y,N
R39VAQQLNVY3BV,3,562,602,Y,N
R35Z3RNNREV69E,4,22,27,Y,N
R2PC2VTUKFEBAM,5,32,33,Y,N
R1OUAINY457AVC,5,36,38,Y,N
RXDXGQ06EUD4U,4,136,141,Y,N
RF6VG9RIW1EQZ,4,58,63,Y,N
RSD9Z54P2084P,4,252,265,Y,N
R34KCJHHYCEFEN,4,86,90,Y,N
R1VMKLXPUPENG2,4,35,35,Y,N
R3F96Q492MXJJV,5,74,77,Y,N
R1FI5Q50QHCRXY,4,51,53,Y,N
R3K0PPAU6CORD2,4,306,320,Y,N
R17VP54O762UIB,5,105,110,Y,N
R3GH79ZVE8LPZ1,4,2278,2333,Y,N
R1E8OXY9H9ZMBX,5,23,27,Y,N
R29LJ7ZKOJQNIR,4,24,25,Y,N
R3G2UY1TPJQ21J,4,37,39,Y,N
R29RWG54I2YIWP,4,34,37,Y,N
R1RT6LOJP7KP1W,5,469,496,Y,N
R2VIKW0YBCRXDJ,4,50,50,Y,N
R2GSD196E1ATGM,4,22,24,Y,N
R2NGEN9CY8N1NM,5,50,53,Y,N
R35D2HIEG003C6,5,71,77,Y,N
RP9PVG3T3L1KR,5,3325,3428,Y,Y
RMBMXB56PE3M6,3,93,103,Y,N
RNDS5S9X0J5Q7,3,118,122,Y,N
R3KY8NIKCSIJ72,3,41,44,Y,N
R1B0QNT1PHEBEA,5,24,29,Y,N
RGBOW495WEZSH,3,98,106,Y,N
RTPCFVOXAOWQQ,3,21,22,Y,N
R2G40P8TH0XCYI,5,42,42,Y,N
R2TWBQJCCVO6LA,4,38,44,Y,N
R348NLFPTLF0VZ,3,55,61,Y,N
REFU1JG7PY2D6,5,187,203,Y,N
R3AJOUUR4NKMHF,4,130,141,Y,N
R3Q0H52EIL39ZV,5,212,218,Y,N
R2B3TMMVOKZ34U,5,44,48,Y,N
R1AMCZL0BKKA21,3,466,489,Y,N
R3BUCJWYWBC5ZM,3,83,94,Y,N
RBW1D8F5HFOLE,4,47,51,Y,N
R3O1MGV7U5LULH,5,21,22,Y,N
R3RO2JNMG3WLQI,5,120,126,Y,N
R324BJPQCVG6FL,5,72,74,Y,N
RZCGY0O32ULDX,4,611,632,Y,N
R3E6W8C31G4E6,5,155,162,Y,N
R2MPBXUO4P3AWJ,3,25,25,Y,N
R1QWZXAD37Y9O5,4,59,62,Y,N
RC3JX2YK9FLFS,1,70,78,Y,N
R3AUYN0AV9BQP,5,29,29,Y,N
R15RKHE5RO0KHX,5,29,29,Y,N
R12F73ZBBHYN0Z,4,149,153,Y,N
R3OR0NDFZC4MZ7,5,467,482,Y,N
R2PGG46SZ1O97P,3,21,23,Y,N
R1F3OMRBC0FAB9,5,25,28,Y,N
R2Q7YYETYF6LMQ,5,109,113,Y,N
RYV87186O1A6Q,4,22,25,Y,N
R3PB7VBIW4DKCD,5,103,104,Y,N
R2IASM88HED2V3,4,33,34,Y,N
R2FFXVLNRZ3P4B,3,27,33,Y,N
R19FJMJYLM2TQQ,3,22,26,Y,N
R1UV97H1206XAW,4,25,25,Y,N
R2ELU7PZ2Q3OCZ,4,21,23,Y,N
R16W7HVOSWKVUN,2,26,33,Y,N
R2KAMUCI09DZ0L,2,184,203,Y,N
R2VDC8IVH03YQ7,4,114,127,Y,N
R1AG9G9KB5LAXK,4,232,233,Y,N
R3JDVERUNRLN82,5,122,132,Y,N
R2B6N4Y4527OU8,4,55,59,Y,N
R2LDF99HYO9727,3,36,37,Y,N
R1PZ1CMN91HPQL,5,187,208,Y,N
R1201PPRUMI98H,4,131,145,Y,N
R1Z9QYRFB06T82,4,25,26,Y,N
R1I2YXS939XKIO,4,265,272,Y,N
R1J7BCRC02EGSV,3,82,85,Y,N
RF7EFDEJE9811,3,158,166,Y,N
R2BMPZ6NT4TNQC,2,24,28,Y,N
R3D5YKDSSCTT2L,4,79,84,Y,N
R1UYCHHXEOVGTG,5,1361,1440,Y,Y
R27O1LXKSRFVV5,5,171,186,Y,N
R3E9H54ZXY37RA,5,33,39,Y,N
R2V296UY3KO2UC,4,39,45,Y,N
R2G7KOC2131WY0,5,32,34,Y,N
RDD18X2YV76AG,5,160,172,Y,N
R3HRSCXXG6GKDZ,3,21,24,Y,N
R39JOCNIS4H6IX,5,68,75,Y,N
R4YL2LXHR80FY,5,1681,1754,Y,N
R2J25WF8LU8H8Y,5,1940,2020,Y,N
R2E5LCT4RW3WHF,4,46,48,Y,N
RBGA56TJ46M1M,4,80,81,Y,N
RKSIQI02THETB,4,22,24,Y,N
R2URQAJO87HAUA,1,120,127,Y,N
R308C30PQ457L0,5,243,253,Y,N
R1FHX9TJXM59E4,4,26,27,Y,N
R39E2CE3EVDUQY,3,46,62,Y,N
R1QOSPB8F2VHOJ,4,33,33,Y,N
R3G8XCVAB14GQ3,1,21,27,Y,N
R2D7ZSUZ5LME8B,3,37,48,Y,N
RPNMEK7LNID1S,4,129,136,Y,N
R1K9IAOAHMQFFK,5,80,85,Y,N
R1T3LTPPABEWPK,5,59,63,Y,N
R1DHLS6RTGBXEN,3,114,135,Y,N
R3LT8HJKQDVZ7E,4,22,27,Y,N
R1Z2JP9OFIIHHN,2,24,26,Y,N
R22FR1ZGTBQHQY,4,37,37,Y,N
R2680NWCSSOTRB,1,21,30,Y,N
RT9UQJ2B8BFYJ,3,111,128,Y,N
R3JJWL3N25MFSE,5,317,329,Y,N
